product_id,delivery_estimate,delivery_speed_score,offer_strength,availability,last_updated
1,4 days,0.25,Cashback,In Stock,2025-07-27T21:34:17.617421
2,7 days,0.14285714285714285,Cashback,Out of Stock,2025-07-27T21:34:17.617658
3,4 days,0.25,No Cost EMI,In Stock,2025-07-27T21:34:17.617818
4,2 days,0.5,Cashback,In Stock,2025-07-27T21:34:17.617966
5,6 days,0.16666666666666666,Cashback,Limited Stock,2025-07-27T21:34:17.618344
6,1 day,1.0,,Out of Stock,2025-07-27T21:34:17.618486
7,1 day,1.0,Discount,Out of Stock,2025-07-27T21:34:17.618675
8,1 day,1.0,Discount,Out of Stock,2025-07-27T21:34:17.618821
9,7 days,0.14285714285714285,Exchange Offer,Limited Stock,2025-07-27T21:34:17.618950
10,2 days,0.5,No Cost EMI,Out of Stock,2025-07-27T21:34:17.619073
11,6 days,0.16666666666666666,Discount,Out of Stock,2025-07-27T21:34:17.619203
12,7 days,0.14285714285714285,Cashback,Limited Stock,2025-07-27T21:34:17.619330
13,6 days,0.16666666666666666,No Cost EMI,In Stock,2025-07-27T21:34:17.619450
14,5 days,0.2,Cashback,Limited Stock,2025-07-27T21:34:17.619572
15,6 days,0.16666666666666666,Exchange Offer,Limited Stock,2025-07-27T21:34:17.619691
16,4 days,0.25,Cashback,Limited Stock,2025-07-27T21:34:17.619823
17,6 days,0.16666666666666666,Discount,Limited Stock,2025-07-27T21:34:17.619940
18,3 days,0.3333333333333333,Bank Offer,Out of Stock,2025-07-27T21:34:17.620055
19,4 days,0.25,,In Stock,2025-07-27T21:34:17.620199
20,2 days,0.5,No Cost EMI,Out of Stock,2025-07-27T21:34:17.620324
21,7 days,0.14285714285714285,,Out of Stock,2025-07-27T21:34:17.620441
22,1 day,1.0,Bank Offer,Limited Stock,2025-07-27T21:34:17.620556
23,3 days,0.3333333333333333,Exchange Offer,Limited Stock,2025-07-27T21:34:17.620672
24,4 days,0.25,No Cost EMI,Limited Stock,2025-07-27T21:34:17.620785
25,3 days,0.3333333333333333,Exchange Offer,Out of Stock,2025-07-27T21:34:17.620899
26,6 days,0.16666666666666666,Exchange Offer,Limited Stock,2025-07-27T21:34:17.621013
27,7 days,0.14285714285714285,Discount,In Stock,2025-07-27T21:34:17.621146
28,1 day,1.0,Exchange Offer,Limited Stock,2025-07-27T21:34:17.621300
29,6 days,0.16666666666666666,Exchange Offer,Out of Stock,2025-07-27T21:34:17.621435
30,7 days,0.14285714285714285,Bank Offer,Out of Stock,2025-07-27T21:34:17.623170
31,4 days,0.25,No Cost EMI,Out of Stock,2025-07-27T21:34:17.623375
32,1 day,1.0,Cashback,In Stock,2025-07-27T21:34:17.623532
33,3 days,0.3333333333333333,Cashback,Limited Stock,2025-07-27T21:34:17.623683
34,7 days,0.14285714285714285,Discount,In Stock,2025-07-27T21:34:17.623834
35,4 days,0.25,No Cost EMI,Limited Stock,2025-07-27T21:34:17.623974
36,1 day,1.0,Exchange Offer,Limited Stock,2025-07-27T21:34:17.624120
37,5 days,0.2,Exchange Offer,In Stock,2025-07-27T21:34:17.624277
38,4 days,0.25,Bank Offer,Out of Stock,2025-07-27T21:34:17.624424
39,7 days,0.14285714285714285,Exchange Offer,Out of Stock,2025-07-27T21:34:17.624565
40,7 days,0.14285714285714285,Cashback,In Stock,2025-07-27T21:34:17.625096
41,2 days,0.5,,In Stock,2025-07-27T21:34:17.625253
42,2 days,0.5,Discount,Limited Stock,2025-07-27T21:34:17.625390
43,1 day,1.0,Bank Offer,In Stock,2025-07-27T21:34:17.625514
44,6 days,0.16666666666666666,No Cost EMI,In Stock,2025-07-27T21:34:17.625637
45,6 days,0.16666666666666666,Discount,Out of Stock,2025-07-27T21:34:17.625756
46,5 days,0.2,Exchange Offer,In Stock,2025-07-27T21:34:17.625872
47,5 days,0.2,,In Stock,2025-07-27T21:34:17.626003
48,1 day,1.0,,Out of Stock,2025-07-27T21:34:17.626114
49,3 days,0.3333333333333333,No Cost EMI,Limited Stock,2025-07-27T21:34:17.626224
50,7 days,0.14285714285714285,Exchange Offer,Limited Stock,2025-07-27T21:34:17.626336
51,6 days,0.16666666666666666,No Cost EMI,Limited Stock,2025-07-27T21:34:17.626448
52,2 days,0.5,Exchange Offer,In Stock,2025-07-27T21:34:17.626567
53,1 day,1.0,Discount,Out of Stock,2025-07-27T21:34:17.626694
54,1 day,1.0,Discount,In Stock,2025-07-27T21:34:17.626811
55,2 days,0.5,Bank Offer,Out of Stock,2025-07-27T21:34:17.626923
56,5 days,0.2,Exchange Offer,Limited Stock,2025-07-27T21:34:17.627051
57,4 days,0.25,No Cost EMI,Limited Stock,2025-07-27T21:34:17.627165
58,4 days,0.25,Exchange Offer,In Stock,2025-07-27T21:34:17.627288
59,1 day,1.0,Exchange Offer,Limited Stock,2025-07-27T21:34:17.627403
60,7 days,0.14285714285714285,Exchange Offer,Out of Stock,2025-07-27T21:34:17.627517
61,4 days,0.25,,Out of Stock,2025-07-27T21:34:17.627631
62,4 days,0.25,Exchange Offer,Limited Stock,2025-07-27T21:34:17.627745
63,1 day,1.0,Bank Offer,Out of Stock,2025-07-27T21:34:17.627858
64,1 day,1.0,Exchange Offer,In Stock,2025-07-27T21:34:17.627971
65,5 days,0.2,No Cost EMI,In Stock,2025-07-27T21:34:17.628084
66,5 days,0.2,Bank Offer,Out of Stock,2025-07-27T21:34:17.628198
67,5 days,0.2,,Limited Stock,2025-07-27T21:34:17.628316
68,5 days,0.2,Discount,Limited Stock,2025-07-27T21:34:17.629907
69,3 days,0.3333333333333333,Bank Offer,Out of Stock,2025-07-27T21:34:17.630116
70,7 days,0.14285714285714285,Discount,In Stock,2025-07-27T21:34:17.630269
71,6 days,0.16666666666666666,,In Stock,2025-07-27T21:34:17.630415
72,4 days,0.25,,In Stock,2025-07-27T21:34:17.630555
73,1 day,1.0,Bank Offer,Limited Stock,2025-07-27T21:34:17.630696
74,5 days,0.2,Discount,Limited Stock,2025-07-27T21:34:17.630833
75,5 days,0.2,,Out of Stock,2025-07-27T21:34:17.630971
76,5 days,0.2,,In Stock,2025-07-27T21:34:17.631107
77,7 days,0.14285714285714285,Discount,In Stock,2025-07-27T21:34:17.631303
78,5 days,0.2,Cashback,Limited Stock,2025-07-27T21:34:17.631450
79,5 days,0.2,Discount,Out of Stock,2025-07-27T21:34:17.631584
80,3 days,0.3333333333333333,Exchange Offer,In Stock,2025-07-27T21:34:17.633364
81,7 days,0.14285714285714285,Discount,Out of Stock,2025-07-27T21:34:17.633592
82,2 days,0.5,Exchange Offer,In Stock,2025-07-27T21:34:17.633750
83,7 days,0.14285714285714285,Exchange Offer,In Stock,2025-07-27T21:34:17.633898
84,4 days,0.25,Exchange Offer,Limited Stock,2025-07-27T21:34:17.634044
85,1 day,1.0,,In Stock,2025-07-27T21:34:17.634268
86,4 days,0.25,,Out of Stock,2025-07-27T21:34:17.634547
87,3 days,0.3333333333333333,No Cost EMI,Out of Stock,2025-07-27T21:34:17.634706
88,5 days,0.2,Discount,In Stock,2025-07-27T21:34:17.634849
89,3 days,0.3333333333333333,,Out of Stock,2025-07-27T21:34:17.635057
90,5 days,0.2,Bank Offer,Out of Stock,2025-07-27T21:34:17.635288
91,7 days,0.14285714285714285,Cashback,In Stock,2025-07-27T21:34:17.635434
92,5 days,0.2,Bank Offer,Limited Stock,2025-07-27T21:34:17.635571
93,2 days,0.5,Cashback,Limited Stock,2025-07-27T21:34:17.635709
94,5 days,0.2,,In Stock,2025-07-27T21:34:17.635843
95,5 days,0.2,Exchange Offer,Out of Stock,2025-07-27T21:34:17.635967
96,3 days,0.3333333333333333,Exchange Offer,In Stock,2025-07-27T21:34:17.636096
97,1 day,1.0,Cashback,Out of Stock,2025-07-27T21:34:17.636386
98,5 days,0.2,Bank Offer,Limited Stock,2025-07-27T21:34:17.636526
99,4 days,0.25,,In Stock,2025-07-27T21:34:17.636668
100,2 days,0.5,Cashback,In Stock,2025-07-27T21:34:17.636821
101,2 days,0.5,No Cost EMI,Out of Stock,2025-07-27T21:34:17.636974
102,3 days,0.3333333333333333,Discount,Limited Stock,2025-07-27T21:34:17.637109
103,4 days,0.25,,In Stock,2025-07-27T21:34:17.637317
104,2 days,0.5,No Cost EMI,Out of Stock,2025-07-27T21:34:17.637449
105,1 day,1.0,,In Stock,2025-07-27T21:34:17.637580
106,1 day,1.0,Bank Offer,Limited Stock,2025-07-27T21:34:17.637711
107,7 days,0.14285714285714285,Discount,Out of Stock,2025-07-27T21:34:17.637833
108,4 days,0.25,Exchange Offer,In Stock,2025-07-27T21:34:17.637968
109,4 days,0.25,,Limited Stock,2025-07-27T21:34:17.638092
110,2 days,0.5,,Out of Stock,2025-07-27T21:34:17.638221
111,1 day,1.0,Exchange Offer,Out of Stock,2025-07-27T21:34:17.638348
112,5 days,0.2,Discount,Limited Stock,2025-07-27T21:34:17.638477
113,1 day,1.0,,In Stock,2025-07-27T21:34:17.638710
114,1 day,1.0,,Out of Stock,2025-07-27T21:34:17.638908
115,4 days,0.25,Cashback,Limited Stock,2025-07-27T21:34:17.639069
116,4 days,0.25,,Out of Stock,2025-07-27T21:34:17.639208
117,3 days,0.3333333333333333,Cashback,Limited Stock,2025-07-27T21:34:17.639339
118,2 days,0.5,,In Stock,2025-07-27T21:34:17.639470
119,6 days,0.16666666666666666,Discount,Limited Stock,2025-07-27T21:34:17.639603
120,1 day,1.0,Bank Offer,In Stock,2025-07-27T21:34:17.639731
121,5 days,0.2,Discount,Out of Stock,2025-07-27T21:34:17.639865
122,6 days,0.16666666666666666,,Out of Stock,2025-07-27T21:34:17.639996
123,4 days,0.25,Exchange Offer,Out of Stock,2025-07-27T21:34:17.640187
124,2 days,0.5,Discount,Limited Stock,2025-07-27T21:34:17.640354
125,5 days,0.2,Exchange Offer,In Stock,2025-07-27T21:34:17.640491
126,2 days,0.5,Exchange Offer,Out of Stock,2025-07-27T21:34:17.640616
127,3 days,0.3333333333333333,No Cost EMI,Limited Stock,2025-07-27T21:34:17.640743
128,5 days,0.2,Discount,Limited Stock,2025-07-27T21:34:17.640871
129,5 days,0.2,Cashback,Out of Stock,2025-07-27T21:34:17.640997
130,3 days,0.3333333333333333,Cashback,Out of Stock,2025-07-27T21:34:17.641125
131,7 days,0.14285714285714285,Bank Offer,In Stock,2025-07-27T21:34:17.641254
132,1 day,1.0,,Limited Stock,2025-07-27T21:34:17.641380
133,2 days,0.5,Cashback,Limited Stock,2025-07-27T21:34:17.641504
134,3 days,0.3333333333333333,Discount,Limited Stock,2025-07-27T21:34:17.641627
135,3 days,0.3333333333333333,No Cost EMI,Out of Stock,2025-07-27T21:34:17.641750
136,3 days,0.3333333333333333,Bank Offer,In Stock,2025-07-27T21:34:17.641873
137,3 days,0.3333333333333333,Exchange Offer,Out of Stock,2025-07-27T21:34:17.641993
138,4 days,0.25,Bank Offer,In Stock,2025-07-27T21:34:17.642361
139,3 days,0.3333333333333333,Exchange Offer,Limited Stock,2025-07-27T21:34:17.642509
140,7 days,0.14285714285714285,No Cost EMI,In Stock,2025-07-27T21:34:17.642637
141,6 days,0.16666666666666666,Exchange Offer,In Stock,2025-07-27T21:34:17.642759
142,1 day,1.0,Bank Offer,Limited Stock,2025-07-27T21:34:17.642883
143,7 days,0.14285714285714285,Discount,In Stock,2025-07-27T21:34:17.643005
144,1 day,1.0,Discount,In Stock,2025-07-27T21:34:17.643126
145,5 days,0.2,Discount,In Stock,2025-07-27T21:34:17.643246
146,1 day,1.0,Cashback,In Stock,2025-07-27T21:34:17.643365
147,3 days,0.3333333333333333,Bank Offer,Out of Stock,2025-07-27T21:34:17.643486
148,5 days,0.2,Cashback,Limited Stock,2025-07-27T21:34:17.643605
149,4 days,0.25,Discount,In Stock,2025-07-27T21:34:17.643724
150,7 days,0.14285714285714285,Cashback,Out of Stock,2025-07-27T21:34:17.643871
151,1 day,1.0,,Limited Stock,2025-07-27T21:34:17.644013
152,7 days,0.14285714285714285,No Cost EMI,Out of Stock,2025-07-27T21:34:17.644153
153,4 days,0.25,Cashback,Out of Stock,2025-07-27T21:34:17.644299
154,1 day,1.0,Bank Offer,Out of Stock,2025-07-27T21:34:17.644439
155,6 days,0.16666666666666666,,In Stock,2025-07-27T21:34:17.644567
156,3 days,0.3333333333333333,No Cost EMI,Limited Stock,2025-07-27T21:34:17.644697
157,7 days,0.14285714285714285,Bank Offer,Limited Stock,2025-07-27T21:34:17.644825
158,1 day,1.0,Exchange Offer,In Stock,2025-07-27T21:34:17.644953
159,5 days,0.2,Exchange Offer,Out of Stock,2025-07-27T21:34:17.645073
160,4 days,0.25,,Limited Stock,2025-07-27T21:34:17.645190
161,5 days,0.2,,In Stock,2025-07-27T21:34:17.645311
162,6 days,0.16666666666666666,,Out of Stock,2025-07-27T21:34:17.645437
163,1 day,1.0,Cashback,In Stock,2025-07-27T21:34:17.645991
164,6 days,0.16666666666666666,Discount,Out of Stock,2025-07-27T21:34:17.646177
165,2 days,0.5,Discount,Limited Stock,2025-07-27T21:34:17.646325
166,7 days,0.14285714285714285,,In Stock,2025-07-27T21:34:17.646464
167,6 days,0.16666666666666666,,In Stock,2025-07-27T21:34:17.646596
168,2 days,0.5,Bank Offer,Limited Stock,2025-07-27T21:34:17.646726
169,4 days,0.25,Bank Offer,Limited Stock,2025-07-27T21:34:17.646852
170,2 days,0.5,Exchange Offer,Out of Stock,2025-07-27T21:34:17.646977
171,2 days,0.5,Cashback,In Stock,2025-07-27T21:34:17.647120
172,6 days,0.16666666666666666,Cashback,Out of Stock,2025-07-27T21:34:17.647250
173,2 days,0.5,Bank Offer,Limited Stock,2025-07-27T21:34:17.647379
174,1 day,1.0,Discount,Limited Stock,2025-07-27T21:34:17.647514
175,6 days,0.16666666666666666,Bank Offer,In Stock,2025-07-27T21:34:17.647662
176,4 days,0.25,No Cost EMI,Out of Stock,2025-07-27T21:34:17.647789
177,5 days,0.2,Discount,In Stock,2025-07-27T21:34:17.647911
178,6 days,0.16666666666666666,Bank Offer,In Stock,2025-07-27T21:34:17.648047
179,4 days,0.25,,Out of Stock,2025-07-27T21:34:17.648166
180,5 days,0.2,Cashback,Limited Stock,2025-07-27T21:34:17.648286
181,5 days,0.2,Bank Offer,Limited Stock,2025-07-27T21:34:17.648404
182,3 days,0.3333333333333333,Cashback,Limited Stock,2025-07-27T21:34:17.648521
183,6 days,0.16666666666666666,Bank Offer,Out of Stock,2025-07-27T21:34:17.648636
184,7 days,0.14285714285714285,Bank Offer,Out of Stock,2025-07-27T21:34:17.648752
185,6 days,0.16666666666666666,Cashback,Out of Stock,2025-07-27T21:34:17.648868
186,7 days,0.14285714285714285,,Out of Stock,2025-07-27T21:34:17.648983
187,5 days,0.2,Exchange Offer,Limited Stock,2025-07-27T21:34:17.649100
188,4 days,0.25,Exchange Offer,In Stock,2025-07-27T21:34:17.649218
189,2 days,0.5,No Cost EMI,Out of Stock,2025-07-27T21:34:17.652612
190,4 days,0.25,Cashback,Out of Stock,2025-07-27T21:34:17.652837
191,2 days,0.5,,Out of Stock,2025-07-27T21:34:17.652972
192,1 day,1.0,Bank Offer,Out of Stock,2025-07-27T21:34:17.653217
193,3 days,0.3333333333333333,,In Stock,2025-07-27T21:34:17.653382
194,3 days,0.3333333333333333,,Out of Stock,2025-07-27T21:34:17.653524
195,6 days,0.16666666666666666,Bank Offer,Out of Stock,2025-07-27T21:34:17.653671
196,7 days,0.14285714285714285,Cashback,Limited Stock,2025-07-27T21:34:17.653802
197,4 days,0.25,,In Stock,2025-07-27T21:34:17.653913
198,1 day,1.0,Exchange Offer,Out of Stock,2025-07-27T21:34:17.654023
199,5 days,0.2,Bank Offer,Out of Stock,2025-07-27T21:34:17.654192
200,1 day,1.0,Discount,Out of Stock,2025-07-27T21:34:17.654329
201,3 days,0.3333333333333333,,Out of Stock,2025-07-27T21:34:17.654452
202,4 days,0.25,Cashback,Out of Stock,2025-07-27T21:34:17.654577
203,4 days,0.25,Cashback,Out of Stock,2025-07-27T21:34:17.654684
204,1 day,1.0,Exchange Offer,Out of Stock,2025-07-27T21:34:17.654790
205,6 days,0.16666666666666666,Bank Offer,Out of Stock,2025-07-27T21:34:17.654900
206,6 days,0.16666666666666666,No Cost EMI,Out of Stock,2025-07-27T21:34:17.655009
207,4 days,0.25,Cashback,In Stock,2025-07-27T21:34:17.655116
208,5 days,0.2,Bank Offer,Limited Stock,2025-07-27T21:34:17.655220
209,2 days,0.5,,In Stock,2025-07-27T21:34:17.655335
210,5 days,0.2,Discount,Out of Stock,2025-07-27T21:34:17.655474
211,2 days,0.5,Discount,Limited Stock,2025-07-27T21:34:17.655604
212,1 day,1.0,,In Stock,2025-07-27T21:34:17.655732
213,7 days,0.14285714285714285,Cashback,In Stock,2025-07-27T21:34:17.655856
214,7 days,0.14285714285714285,,Out of Stock,2025-07-27T21:34:17.656346
215,3 days,0.3333333333333333,Discount,In Stock,2025-07-27T21:34:17.656511
216,6 days,0.16666666666666666,No Cost EMI,Limited Stock,2025-07-27T21:34:17.656639
217,2 days,0.5,Exchange Offer,Limited Stock,2025-07-27T21:34:17.656756
218,2 days,0.5,Bank Offer,Limited Stock,2025-07-27T21:34:17.656871
219,4 days,0.25,,In Stock,2025-07-27T21:34:17.656983
220,3 days,0.3333333333333333,Bank Offer,Out of Stock,2025-07-27T21:34:17.657095
221,3 days,0.3333333333333333,Cashback,In Stock,2025-07-27T21:34:17.657206
222,5 days,0.2,,In Stock,2025-07-27T21:34:17.657316
223,1 day,1.0,No Cost EMI,In Stock,2025-07-27T21:34:17.657427
224,7 days,0.14285714285714285,Discount,In Stock,2025-07-27T21:34:17.657537
225,5 days,0.2,Cashback,Out of Stock,2025-07-27T21:34:17.657646
226,1 day,1.0,Bank Offer,Out of Stock,2025-07-27T21:34:17.657758
227,3 days,0.3333333333333333,No Cost EMI,In Stock,2025-07-27T21:34:17.657873
228,6 days,0.16666666666666666,,In Stock,2025-07-27T21:34:17.657985
229,1 day,1.0,Exchange Offer,Limited Stock,2025-07-27T21:34:17.659829
230,1 day,1.0,Cashback,Limited Stock,2025-07-27T21:34:17.660007
231,4 days,0.25,Bank Offer,Limited Stock,2025-07-27T21:34:17.660311
232,3 days,0.3333333333333333,No Cost EMI,In Stock,2025-07-27T21:34:17.660471
233,1 day,1.0,Discount,Limited Stock,2025-07-27T21:34:17.660611
234,6 days,0.16666666666666666,,Out of Stock,2025-07-27T21:34:17.660750
235,1 day,1.0,No Cost EMI,Limited Stock,2025-07-27T21:34:17.660881
236,7 days,0.14285714285714285,Discount,Limited Stock,2025-07-27T21:34:17.661009
237,2 days,0.5,No Cost EMI,Limited Stock,2025-07-27T21:34:17.661229
238,5 days,0.2,Cashback,In Stock,2025-07-27T21:34:17.661424
239,7 days,0.14285714285714285,Discount,Out of Stock,2025-07-27T21:34:17.661563
240,7 days,0.14285714285714285,Exchange Offer,Out of Stock,2025-07-27T21:34:17.661697
241,5 days,0.2,,In Stock,2025-07-27T21:34:17.661830
242,3 days,0.3333333333333333,Exchange Offer,Out of Stock,2025-07-27T21:34:17.661965
243,2 days,0.5,No Cost EMI,Out of Stock,2025-07-27T21:34:17.662098
244,6 days,0.16666666666666666,Discount,Out of Stock,2025-07-27T21:34:17.662233
245,4 days,0.25,Exchange Offer,Out of Stock,2025-07-27T21:34:17.662365
246,1 day,1.0,Bank Offer,Out of Stock,2025-07-27T21:34:17.662497
247,5 days,0.2,Exchange Offer,Out of Stock,2025-07-27T21:34:17.662627
248,3 days,0.3333333333333333,,Limited Stock,2025-07-27T21:34:17.662762
249,5 days,0.2,Bank Offer,Out of Stock,2025-07-27T21:34:17.662889
250,1 day,1.0,Cashback,Limited Stock,2025-07-27T21:34:17.663265
251,4 days,0.25,Exchange Offer,Limited Stock,2025-07-27T21:34:17.663442
252,6 days,0.16666666666666666,No Cost EMI,Out of Stock,2025-07-27T21:34:17.663572
253,2 days,0.5,Discount,In Stock,2025-07-27T21:34:17.663700
254,4 days,0.25,Bank Offer,Out of Stock,2025-07-27T21:34:17.663836
255,3 days,0.3333333333333333,Cashback,Limited Stock,2025-07-27T21:34:17.663954
256,1 day,1.0,,Out of Stock,2025-07-27T21:34:17.664066
257,3 days,0.3333333333333333,Bank Offer,Limited Stock,2025-07-27T21:34:17.664179
258,1 day,1.0,No Cost EMI,Limited Stock,2025-07-27T21:34:17.664294
259,2 days,0.5,Bank Offer,Out of Stock,2025-07-27T21:34:17.664406
260,5 days,0.2,Bank Offer,In Stock,2025-07-27T21:34:17.664515
261,2 days,0.5,Cashback,Limited Stock,2025-07-27T21:34:17.664626
262,7 days,0.14285714285714285,Cashback,Limited Stock,2025-07-27T21:34:17.664739
263,6 days,0.16666666666666666,Discount,In Stock,2025-07-27T21:34:17.664858
264,1 day,1.0,Cashback,Out of Stock,2025-07-27T21:34:17.666289
265,4 days,0.25,Exchange Offer,Limited Stock,2025-07-27T21:34:17.666529
266,3 days,0.3333333333333333,Bank Offer,In Stock,2025-07-27T21:34:17.666678
267,3 days,0.3333333333333333,,Limited Stock,2025-07-27T21:34:17.666812
268,5 days,0.2,Cashback,In Stock,2025-07-27T21:34:17.666941
269,3 days,0.3333333333333333,,In Stock,2025-07-27T21:34:17.667067
270,7 days,0.14285714285714285,Discount,Out of Stock,2025-07-27T21:34:17.667195
271,5 days,0.2,Cashback,Out of Stock,2025-07-27T21:34:17.667317
272,6 days,0.16666666666666666,Bank Offer,Out of Stock,2025-07-27T21:34:17.667436
273,4 days,0.25,,Out of Stock,2025-07-27T21:34:17.667555
274,5 days,0.2,Discount,Limited Stock,2025-07-27T21:34:17.667676
275,6 days,0.16666666666666666,No Cost EMI,In Stock,2025-07-27T21:34:17.667965
276,4 days,0.25,,In Stock,2025-07-27T21:34:17.668232
277,4 days,0.25,Bank Offer,In Stock,2025-07-27T21:34:17.668375
278,2 days,0.5,Discount,Limited Stock,2025-07-27T21:34:17.668518
279,1 day,1.0,Bank Offer,In Stock,2025-07-27T21:34:17.668645
280,4 days,0.25,No Cost EMI,In Stock,2025-07-27T21:34:17.671260
281,4 days,0.25,Cashback,In Stock,2025-07-27T21:34:17.671475
282,6 days,0.16666666666666666,Discount,Out of Stock,2025-07-27T21:34:17.671639
283,2 days,0.5,,Limited Stock,2025-07-27T21:34:17.671785
284,4 days,0.25,Cashback,In Stock,2025-07-27T21:34:17.671923
285,3 days,0.3333333333333333,No Cost EMI,Out of Stock,2025-07-27T21:34:17.672061
286,3 days,0.3333333333333333,,Limited Stock,2025-07-27T21:34:17.672742
287,3 days,0.3333333333333333,Discount,Out of Stock,2025-07-27T21:34:17.672962
288,5 days,0.2,Exchange Offer,Limited Stock,2025-07-27T21:34:17.673111
289,6 days,0.16666666666666666,Bank Offer,In Stock,2025-07-27T21:34:17.673236
290,3 days,0.3333333333333333,Discount,Limited Stock,2025-07-27T21:34:17.673353
291,2 days,0.5,Discount,Limited Stock,2025-07-27T21:34:17.673468
292,3 days,0.3333333333333333,Discount,Limited Stock,2025-07-27T21:34:17.673586
293,3 days,0.3333333333333333,Cashback,Out of Stock,2025-07-27T21:34:17.673923
294,2 days,0.5,Exchange Offer,Limited Stock,2025-07-27T21:34:17.674096
295,6 days,0.16666666666666666,Bank Offer,In Stock,2025-07-27T21:34:17.674240
296,5 days,0.2,,Out of Stock,2025-07-27T21:34:17.674382
297,1 day,1.0,Exchange Offer,Out of Stock,2025-07-27T21:34:17.674516
298,2 days,0.5,Bank Offer,Out of Stock,2025-07-27T21:34:17.674654
299,1 day,1.0,No Cost EMI,Out of Stock,2025-07-27T21:34:17.674793
300,6 days,0.16666666666666666,Bank Offer,In Stock,2025-07-27T21:34:17.674929
301,6 days,0.16666666666666666,No Cost EMI,Limited Stock,2025-07-27T21:34:17.675062
302,4 days,0.25,Exchange Offer,In Stock,2025-07-27T21:34:17.675264
303,1 day,1.0,Discount,Out of Stock,2025-07-27T21:34:17.675405
304,5 days,0.2,Bank Offer,In Stock,2025-07-27T21:34:17.675556
305,3 days,0.3333333333333333,,Limited Stock,2025-07-27T21:34:17.676079
306,2 days,0.5,Exchange Offer,Limited Stock,2025-07-27T21:34:17.676337
307,1 day,1.0,Bank Offer,Out of Stock,2025-07-27T21:34:17.676533
308,3 days,0.3333333333333333,Cashback,Limited Stock,2025-07-27T21:34:17.676959
309,6 days,0.16666666666666666,Exchange Offer,Out of Stock,2025-07-27T21:34:17.677122
310,5 days,0.2,Cashback,Out of Stock,2025-07-27T21:34:17.677282
311,5 days,0.2,Discount,Limited Stock,2025-07-27T21:34:17.677422
312,6 days,0.16666666666666666,Bank Offer,In Stock,2025-07-27T21:34:17.677557
313,5 days,0.2,Bank Offer,In Stock,2025-07-27T21:34:17.677690
314,6 days,0.16666666666666666,Bank Offer,Out of Stock,2025-07-27T21:34:17.677836
315,2 days,0.5,Exchange Offer,Limited Stock,2025-07-27T21:34:17.677965
316,1 day,1.0,Bank Offer,Limited Stock,2025-07-27T21:34:17.678108
317,5 days,0.2,,Out of Stock,2025-07-27T21:34:17.678244
318,3 days,0.3333333333333333,Discount,Limited Stock,2025-07-27T21:34:17.678375
319,5 days,0.2,Exchange Offer,Limited Stock,2025-07-27T21:34:17.678503
320,7 days,0.14285714285714285,Discount,Limited Stock,2025-07-27T21:34:17.678790
321,4 days,0.25,Bank Offer,In Stock,2025-07-27T21:34:17.679074
322,1 day,1.0,Bank Offer,In Stock,2025-07-27T21:34:17.679210
323,1 day,1.0,Discount,In Stock,2025-07-27T21:34:17.679338
324,2 days,0.5,Bank Offer,Out of Stock,2025-07-27T21:34:17.679464
325,7 days,0.14285714285714285,No Cost EMI,Out of Stock,2025-07-27T21:34:17.679589
326,1 day,1.0,No Cost EMI,In Stock,2025-07-27T21:34:17.679713
327,5 days,0.2,Cashback,Out of Stock,2025-07-27T21:34:17.679836
328,6 days,0.16666666666666666,Cashback,Out of Stock,2025-07-27T21:34:17.679954
329,3 days,0.3333333333333333,Discount,In Stock,2025-07-27T21:34:17.680070
330,2 days,0.5,Discount,Out of Stock,2025-07-27T21:34:17.680278
331,4 days,0.25,Cashback,Limited Stock,2025-07-27T21:34:17.680470
332,4 days,0.25,Exchange Offer,Out of Stock,2025-07-27T21:34:17.680618
333,7 days,0.14285714285714285,Discount,Out of Stock,2025-07-27T21:34:17.680756
334,5 days,0.2,No Cost EMI,Limited Stock,2025-07-27T21:34:17.680890
335,7 days,0.14285714285714285,Bank Offer,In Stock,2025-07-27T21:34:17.681021
336,6 days,0.16666666666666666,Exchange Offer,Limited Stock,2025-07-27T21:34:17.681152
337,2 days,0.5,Cashback,Limited Stock,2025-07-27T21:34:17.681280
338,4 days,0.25,Cashback,Limited Stock,2025-07-27T21:34:17.681406
339,7 days,0.14285714285714285,Exchange Offer,Limited Stock,2025-07-27T21:34:17.681532
340,1 day,1.0,Discount,Out of Stock,2025-07-27T21:34:17.681659
341,6 days,0.16666666666666666,Exchange Offer,In Stock,2025-07-27T21:34:17.681784
342,1 day,1.0,Exchange Offer,Out of Stock,2025-07-27T21:34:17.681912
343,7 days,0.14285714285714285,,Out of Stock,2025-07-27T21:34:17.682035
344,6 days,0.16666666666666666,Cashback,In Stock,2025-07-27T21:34:17.682342
345,5 days,0.2,Discount,In Stock,2025-07-27T21:34:17.682483
346,4 days,0.25,Exchange Offer,In Stock,2025-07-27T21:34:17.682616
347,6 days,0.16666666666666666,No Cost EMI,In Stock,2025-07-27T21:34:17.682749
348,4 days,0.25,Exchange Offer,Limited Stock,2025-07-27T21:34:17.682881
349,2 days,0.5,No Cost EMI,Limited Stock,2025-07-27T21:34:17.683015
350,3 days,0.3333333333333333,Exchange Offer,In Stock,2025-07-27T21:34:17.683148
351,3 days,0.3333333333333333,Exchange Offer,Limited Stock,2025-07-27T21:34:17.683283
352,1 day,1.0,Discount,Out of Stock,2025-07-27T21:34:17.683415
353,1 day,1.0,,Out of Stock,2025-07-27T21:34:17.683546
354,6 days,0.16666666666666666,Cashback,Out of Stock,2025-07-27T21:34:17.683683
355,1 day,1.0,,Limited Stock,2025-07-27T21:34:17.683846
356,3 days,0.3333333333333333,Exchange Offer,Limited Stock,2025-07-27T21:34:17.683988
357,1 day,1.0,Discount,In Stock,2025-07-27T21:34:17.684125
358,7 days,0.14285714285714285,,Out of Stock,2025-07-27T21:34:17.684273
359,5 days,0.2,,Out of Stock,2025-07-27T21:34:17.684414
360,4 days,0.25,Bank Offer,Out of Stock,2025-07-27T21:34:17.684548
361,6 days,0.16666666666666666,,Limited Stock,2025-07-27T21:34:17.684680
362,7 days,0.14285714285714285,No Cost EMI,In Stock,2025-07-27T21:34:17.684812
363,3 days,0.3333333333333333,No Cost EMI,Limited Stock,2025-07-27T21:34:17.684942
364,6 days,0.16666666666666666,Bank Offer,Limited Stock,2025-07-27T21:34:17.685092
365,6 days,0.16666666666666666,Bank Offer,In Stock,2025-07-27T21:34:17.685246
366,1 day,1.0,Cashback,In Stock,2025-07-27T21:34:17.685383
367,1 day,1.0,Cashback,Limited Stock,2025-07-27T21:34:17.685513
368,6 days,0.16666666666666666,No Cost EMI,Out of Stock,2025-07-27T21:34:17.686353
369,1 day,1.0,Discount,Out of Stock,2025-07-27T21:34:17.686519
370,7 days,0.14285714285714285,Bank Offer,Limited Stock,2025-07-27T21:34:17.686666
371,5 days,0.2,,In Stock,2025-07-27T21:34:17.686808
372,3 days,0.3333333333333333,,Out of Stock,2025-07-27T21:34:17.686949
373,6 days,0.16666666666666666,Bank Offer,Limited Stock,2025-07-27T21:34:17.687089
374,6 days,0.16666666666666666,Exchange Offer,Limited Stock,2025-07-27T21:34:17.687223
375,1 day,1.0,,Out of Stock,2025-07-27T21:34:17.687350
376,4 days,0.25,,Limited Stock,2025-07-27T21:34:17.687489
377,1 day,1.0,No Cost EMI,In Stock,2025-07-27T21:34:17.687611
378,7 days,0.14285714285714285,Discount,In Stock,2025-07-27T21:34:17.687737
379,6 days,0.16666666666666666,Exchange Offer,In Stock,2025-07-27T21:34:17.687864
380,2 days,0.5,Cashback,In Stock,2025-07-27T21:34:17.688002
381,3 days,0.3333333333333333,Discount,In Stock,2025-07-27T21:34:17.688120
382,6 days,0.16666666666666666,Discount,Out of Stock,2025-07-27T21:34:17.688238
383,2 days,0.5,,Limited Stock,2025-07-27T21:34:17.688356
384,7 days,0.14285714285714285,No Cost EMI,Out of Stock,2025-07-27T21:34:17.688470
385,3 days,0.3333333333333333,Discount,Out of Stock,2025-07-27T21:34:17.688582
386,1 day,1.0,Exchange Offer,Out of Stock,2025-07-27T21:34:17.688699
387,5 days,0.2,,In Stock,2025-07-27T21:34:17.688816
388,5 days,0.2,Cashback,In Stock,2025-07-27T21:34:17.688935
389,1 day,1.0,No Cost EMI,In Stock,2025-07-27T21:34:17.689068
390,6 days,0.16666666666666666,No Cost EMI,In Stock,2025-07-27T21:34:17.691086
391,3 days,0.3333333333333333,Discount,Limited Stock,2025-07-27T21:34:17.691356
392,1 day,1.0,Bank Offer,In Stock,2025-07-27T21:34:17.691517
393,2 days,0.5,,Out of Stock,2025-07-27T21:34:17.691662
394,4 days,0.25,No Cost EMI,Limited Stock,2025-07-27T21:34:17.691797
395,2 days,0.5,Exchange Offer,Limited Stock,2025-07-27T21:34:17.691924
396,6 days,0.16666666666666666,Bank Offer,Limited Stock,2025-07-27T21:34:17.692049
397,7 days,0.14285714285714285,,In Stock,2025-07-27T21:34:17.692174
398,3 days,0.3333333333333333,No Cost EMI,Out of Stock,2025-07-27T21:34:17.692297
399,6 days,0.16666666666666666,Exchange Offer,In Stock,2025-07-27T21:34:17.692421
400,3 days,0.3333333333333333,Bank Offer,Limited Stock,2025-07-27T21:34:17.692547
401,3 days,0.3333333333333333,Cashback,In Stock,2025-07-27T21:34:17.692692
402,7 days,0.14285714285714285,Bank Offer,Out of Stock,2025-07-27T21:34:17.692829
403,2 days,0.5,Bank Offer,Out of Stock,2025-07-27T21:34:17.692957
404,3 days,0.3333333333333333,,Out of Stock,2025-07-27T21:34:17.693078
405,3 days,0.3333333333333333,No Cost EMI,Out of Stock,2025-07-27T21:34:17.693202
406,3 days,0.3333333333333333,Discount,Out of Stock,2025-07-27T21:34:17.693343
407,3 days,0.3333333333333333,,Limited Stock,2025-07-27T21:34:17.693472
408,4 days,0.25,,Limited Stock,2025-07-27T21:34:17.693595
409,7 days,0.14285714285714285,Bank Offer,In Stock,2025-07-27T21:34:17.693717
410,7 days,0.14285714285714285,Discount,Out of Stock,2025-07-27T21:34:17.693838
411,2 days,0.5,Discount,Limited Stock,2025-07-27T21:34:17.693957
412,2 days,0.5,,Out of Stock,2025-07-27T21:34:17.694073
413,3 days,0.3333333333333333,,Limited Stock,2025-07-27T21:34:17.694194
414,7 days,0.14285714285714285,Exchange Offer,In Stock,2025-07-27T21:34:17.694311
415,3 days,0.3333333333333333,,Limited Stock,2025-07-27T21:34:17.695375
416,5 days,0.2,,Out of Stock,2025-07-27T21:34:17.695525
417,1 day,1.0,Discount,In Stock,2025-07-27T21:34:17.695654
418,3 days,0.3333333333333333,Bank Offer,Out of Stock,2025-07-27T21:34:17.695782
419,3 days,0.3333333333333333,No Cost EMI,In Stock,2025-07-27T21:34:17.695907
420,5 days,0.2,,Limited Stock,2025-07-27T21:34:17.696047
421,2 days,0.5,Cashback,In Stock,2025-07-27T21:34:17.696311
422,4 days,0.25,Discount,Out of Stock,2025-07-27T21:34:17.696454
423,3 days,0.3333333333333333,Discount,Out of Stock,2025-07-27T21:34:17.696575
424,6 days,0.16666666666666666,Discount,In Stock,2025-07-27T21:34:17.696691
425,3 days,0.3333333333333333,,In Stock,2025-07-27T21:34:17.696803
426,6 days,0.16666666666666666,Exchange Offer,In Stock,2025-07-27T21:34:17.696915
427,2 days,0.5,Cashback,Out of Stock,2025-07-27T21:34:17.697040
428,3 days,0.3333333333333333,Exchange Offer,Limited Stock,2025-07-27T21:34:17.697871
429,1 day,1.0,Bank Offer,Out of Stock,2025-07-27T21:34:17.698084
430,3 days,0.3333333333333333,Bank Offer,Out of Stock,2025-07-27T21:34:17.698287
431,5 days,0.2,Bank Offer,In Stock,2025-07-27T21:34:17.698418
432,4 days,0.25,Discount,Out of Stock,2025-07-27T21:34:17.698540
433,5 days,0.2,Discount,Limited Stock,2025-07-27T21:34:17.698657
434,4 days,0.25,,Out of Stock,2025-07-27T21:34:17.698769
435,4 days,0.25,Bank Offer,Out of Stock,2025-07-27T21:34:17.698880
436,6 days,0.16666666666666666,Exchange Offer,Limited Stock,2025-07-27T21:34:17.698990
437,3 days,0.3333333333333333,Cashback,Limited Stock,2025-07-27T21:34:17.699099
438,4 days,0.25,Exchange Offer,In Stock,2025-07-27T21:34:17.699207
439,2 days,0.5,Discount,In Stock,2025-07-27T21:34:17.699317
440,4 days,0.25,Cashback,Out of Stock,2025-07-27T21:34:17.699427
441,5 days,0.2,Cashback,Limited Stock,2025-07-27T21:34:17.699553
442,1 day,1.0,Bank Offer,Limited Stock,2025-07-27T21:34:17.699669
443,2 days,0.5,Exchange Offer,Limited Stock,2025-07-27T21:34:17.699779
444,6 days,0.16666666666666666,Discount,In Stock,2025-07-27T21:34:17.699889
445,5 days,0.2,Bank Offer,In Stock,2025-07-27T21:34:17.699999
446,6 days,0.16666666666666666,Exchange Offer,In Stock,2025-07-27T21:34:17.700107
447,1 day,1.0,Exchange Offer,In Stock,2025-07-27T21:34:17.700217
448,7 days,0.14285714285714285,Exchange Offer,Out of Stock,2025-07-27T21:34:17.700338
449,4 days,0.25,Bank Offer,Out of Stock,2025-07-27T21:34:17.700449
450,1 day,1.0,,In Stock,2025-07-27T21:34:17.700558
451,2 days,0.5,Bank Offer,Out of Stock,2025-07-27T21:34:17.700667
452,3 days,0.3333333333333333,No Cost EMI,In Stock,2025-07-27T21:34:17.700777
453,2 days,0.5,Bank Offer,Out of Stock,2025-07-27T21:34:17.700887
454,1 day,1.0,,In Stock,2025-07-27T21:34:17.700996
455,2 days,0.5,,Limited Stock,2025-07-27T21:34:17.701104
456,7 days,0.14285714285714285,Exchange Offer,In Stock,2025-07-27T21:34:17.701472
457,4 days,0.25,Bank Offer,Out of Stock,2025-07-27T21:34:17.701602
458,1 day,1.0,Cashback,Limited Stock,2025-07-27T21:34:17.701742
459,6 days,0.16666666666666666,Cashback,Limited Stock,2025-07-27T21:34:17.701862
460,2 days,0.5,Cashback,Limited Stock,2025-07-27T21:34:17.701975
461,4 days,0.25,Cashback,Limited Stock,2025-07-27T21:34:17.702086
462,2 days,0.5,No Cost EMI,Out of Stock,2025-07-27T21:34:17.702197
463,2 days,0.5,Exchange Offer,In Stock,2025-07-27T21:34:17.702308
464,4 days,0.25,Exchange Offer,Out of Stock,2025-07-27T21:34:17.702418
465,7 days,0.14285714285714285,,Limited Stock,2025-07-27T21:34:17.702527
466,7 days,0.14285714285714285,Cashback,Limited Stock,2025-07-27T21:34:17.702635
467,4 days,0.25,Discount,In Stock,2025-07-27T21:34:17.702758
468,3 days,0.3333333333333333,Cashback,Limited Stock,2025-07-27T21:34:17.702880
469,6 days,0.16666666666666666,Discount,In Stock,2025-07-27T21:34:17.703015
470,2 days,0.5,Discount,In Stock,2025-07-27T21:34:17.703210
471,7 days,0.14285714285714285,Bank Offer,Out of Stock,2025-07-27T21:34:17.703356
472,3 days,0.3333333333333333,Exchange Offer,Limited Stock,2025-07-27T21:34:17.703483
473,7 days,0.14285714285714285,No Cost EMI,Limited Stock,2025-07-27T21:34:17.703609
474,5 days,0.2,Cashback,In Stock,2025-07-27T21:34:17.703734
475,6 days,0.16666666666666666,Bank Offer,In Stock,2025-07-27T21:34:17.703858
476,4 days,0.25,Bank Offer,In Stock,2025-07-27T21:34:17.703981
477,2 days,0.5,Exchange Offer,Out of Stock,2025-07-27T21:34:17.704219
478,1 day,1.0,Exchange Offer,Out of Stock,2025-07-27T21:34:17.704377
479,6 days,0.16666666666666666,Bank Offer,Out of Stock,2025-07-27T21:34:17.704500
480,2 days,0.5,Exchange Offer,Out of Stock,2025-07-27T21:34:17.704622
481,4 days,0.25,,Out of Stock,2025-07-27T21:34:17.704768
482,1 day,1.0,Exchange Offer,Out of Stock,2025-07-27T21:34:17.704899
483,2 days,0.5,Bank Offer,Out of Stock,2025-07-27T21:34:17.705025
484,6 days,0.16666666666666666,Discount,In Stock,2025-07-27T21:34:17.705150
485,4 days,0.25,No Cost EMI,Out of Stock,2025-07-27T21:34:17.705274
486,6 days,0.16666666666666666,,In Stock,2025-07-27T21:34:17.705397
487,6 days,0.16666666666666666,Cashback,In Stock,2025-07-27T21:34:17.705521
488,2 days,0.5,Exchange Offer,In Stock,2025-07-27T21:34:17.705642
489,5 days,0.2,Discount,Out of Stock,2025-07-27T21:34:17.705764
490,6 days,0.16666666666666666,Cashback,In Stock,2025-07-27T21:34:17.705886
491,4 days,0.25,,Limited Stock,2025-07-27T21:34:17.706005
492,4 days,0.25,Cashback,In Stock,2025-07-27T21:34:17.706124
493,3 days,0.3333333333333333,Cashback,Out of Stock,2025-07-27T21:34:17.706357
494,6 days,0.16666666666666666,,In Stock,2025-07-27T21:34:17.706501
495,5 days,0.2,Cashback,Limited Stock,2025-07-27T21:34:17.706628
496,3 days,0.3333333333333333,Cashback,Limited Stock,2025-07-27T21:34:17.706765
497,3 days,0.3333333333333333,Discount,Out of Stock,2025-07-27T21:34:17.706901
498,1 day,1.0,Bank Offer,Out of Stock,2025-07-27T21:34:17.707026
499,5 days,0.2,Cashback,Limited Stock,2025-07-27T21:34:17.707150
500,1 day,1.0,Bank Offer,In Stock,2025-07-27T21:34:17.707271
501,3 days,0.3333333333333333,,Limited Stock,2025-07-27T21:34:17.707394
502,3 days,0.3333333333333333,Bank Offer,Limited Stock,2025-07-27T21:34:17.707515
503,7 days,0.14285714285714285,Discount,Limited Stock,2025-07-27T21:34:17.707643
504,7 days,0.14285714285714285,Cashback,Out of Stock,2025-07-27T21:34:17.707774
505,1 day,1.0,Cashback,Out of Stock,2025-07-27T21:34:17.707904
506,1 day,1.0,No Cost EMI,Out of Stock,2025-07-27T21:34:17.708019
507,4 days,0.25,Exchange Offer,In Stock,2025-07-27T21:34:17.708299
508,5 days,0.2,,Out of Stock,2025-07-27T21:34:17.708462
509,3 days,0.3333333333333333,Cashback,Out of Stock,2025-07-27T21:34:17.708599
510,6 days,0.16666666666666666,Exchange Offer,In Stock,2025-07-27T21:34:17.708725
511,5 days,0.2,Exchange Offer,In Stock,2025-07-27T21:34:17.708850
512,3 days,0.3333333333333333,Exchange Offer,Out of Stock,2025-07-27T21:34:17.708976
513,1 day,1.0,Cashback,Out of Stock,2025-07-27T21:34:17.709112
514,3 days,0.3333333333333333,,In Stock,2025-07-27T21:34:17.709243
515,5 days,0.2,No Cost EMI,Out of Stock,2025-07-27T21:34:17.709365
516,6 days,0.16666666666666666,No Cost EMI,Limited Stock,2025-07-27T21:34:17.709481
517,6 days,0.16666666666666666,Cashback,In Stock,2025-07-27T21:34:17.709596
518,2 days,0.5,No Cost EMI,Limited Stock,2025-07-27T21:34:17.709711
519,1 day,1.0,Bank Offer,Limited Stock,2025-07-27T21:34:17.709838
520,2 days,0.5,,Out of Stock,2025-07-27T21:34:17.709983
521,4 days,0.25,Exchange Offer,Out of Stock,2025-07-27T21:34:17.710106
522,4 days,0.25,,Limited Stock,2025-07-27T21:34:17.710487
523,2 days,0.5,,Limited Stock,2025-07-27T21:34:17.710633
524,5 days,0.2,Cashback,In Stock,2025-07-27T21:34:17.710767
525,1 day,1.0,Exchange Offer,Out of Stock,2025-07-27T21:34:17.710894
526,1 day,1.0,Bank Offer,Limited Stock,2025-07-27T21:34:17.711016
527,6 days,0.16666666666666666,,In Stock,2025-07-27T21:34:17.711191
528,4 days,0.25,Discount,Limited Stock,2025-07-27T21:34:17.711336
529,1 day,1.0,Exchange Offer,Limited Stock,2025-07-27T21:34:17.711458
530,6 days,0.16666666666666666,Exchange Offer,Out of Stock,2025-07-27T21:34:17.711580
531,4 days,0.25,No Cost EMI,In Stock,2025-07-27T21:34:17.711702
532,6 days,0.16666666666666666,Exchange Offer,Limited Stock,2025-07-27T21:34:17.711828
533,6 days,0.16666666666666666,,In Stock,2025-07-27T21:34:17.711982
534,7 days,0.14285714285714285,Cashback,In Stock,2025-07-27T21:34:17.712106
535,7 days,0.14285714285714285,Bank Offer,Limited Stock,2025-07-27T21:34:17.712226
536,3 days,0.3333333333333333,Exchange Offer,Limited Stock,2025-07-27T21:34:17.712345
537,5 days,0.2,Discount,In Stock,2025-07-27T21:34:17.712464
538,6 days,0.16666666666666666,No Cost EMI,Out of Stock,2025-07-27T21:34:17.712584
539,5 days,0.2,Cashback,In Stock,2025-07-27T21:34:17.712702
540,7 days,0.14285714285714285,Cashback,Out of Stock,2025-07-27T21:34:17.712821
541,6 days,0.16666666666666666,,In Stock,2025-07-27T21:34:17.712940
542,3 days,0.3333333333333333,Discount,Limited Stock,2025-07-27T21:34:17.713070
543,1 day,1.0,Discount,Out of Stock,2025-07-27T21:34:17.713186
544,2 days,0.5,,Out of Stock,2025-07-27T21:34:17.713300
545,3 days,0.3333333333333333,No Cost EMI,Out of Stock,2025-07-27T21:34:17.713433
546,2 days,0.5,No Cost EMI,Out of Stock,2025-07-27T21:34:17.713576
547,6 days,0.16666666666666666,Bank Offer,Out of Stock,2025-07-27T21:34:17.713754
548,3 days,0.3333333333333333,Cashback,Limited Stock,2025-07-27T21:34:17.713889
549,7 days,0.14285714285714285,,Out of Stock,2025-07-27T21:34:17.714006
550,1 day,1.0,Bank Offer,In Stock,2025-07-27T21:34:17.714154
551,1 day,1.0,,Out of Stock,2025-07-27T21:34:17.714297
552,2 days,0.5,No Cost EMI,Limited Stock,2025-07-27T21:34:17.714420
553,3 days,0.3333333333333333,,Limited Stock,2025-07-27T21:34:17.714539
554,5 days,0.2,Cashback,Limited Stock,2025-07-27T21:34:17.714660
555,4 days,0.25,,Limited Stock,2025-07-27T21:34:17.714780
556,3 days,0.3333333333333333,Discount,Out of Stock,2025-07-27T21:34:17.714900
557,4 days,0.25,Discount,In Stock,2025-07-27T21:34:17.715034
558,3 days,0.3333333333333333,Exchange Offer,Out of Stock,2025-07-27T21:34:17.715253
559,3 days,0.3333333333333333,Cashback,In Stock,2025-07-27T21:34:17.715501
560,4 days,0.25,,Out of Stock,2025-07-27T21:34:17.715760
561,2 days,0.5,Discount,Limited Stock,2025-07-27T21:34:17.716471
562,2 days,0.5,,Out of Stock,2025-07-27T21:34:17.716764
563,3 days,0.3333333333333333,Cashback,In Stock,2025-07-27T21:34:17.717015
564,6 days,0.16666666666666666,Discount,In Stock,2025-07-27T21:34:17.718043
565,6 days,0.16666666666666666,Cashback,Limited Stock,2025-07-27T21:34:17.718202
566,3 days,0.3333333333333333,No Cost EMI,In Stock,2025-07-27T21:34:17.718333
567,6 days,0.16666666666666666,Discount,Out of Stock,2025-07-27T21:34:17.718459
568,3 days,0.3333333333333333,Exchange Offer,Out of Stock,2025-07-27T21:34:17.718585
569,4 days,0.25,,Out of Stock,2025-07-27T21:34:17.718713
570,1 day,1.0,Bank Offer,Limited Stock,2025-07-27T21:34:17.718842
571,5 days,0.2,Bank Offer,Limited Stock,2025-07-27T21:34:17.720159
572,3 days,0.3333333333333333,Discount,Out of Stock,2025-07-27T21:34:17.721513
573,4 days,0.25,No Cost EMI,Out of Stock,2025-07-27T21:34:17.721802
574,5 days,0.2,,Out of Stock,2025-07-27T21:34:17.722559
575,2 days,0.5,Cashback,Limited Stock,2025-07-27T21:34:17.723208
576,2 days,0.5,Cashback,Limited Stock,2025-07-27T21:34:17.723563
577,7 days,0.14285714285714285,No Cost EMI,In Stock,2025-07-27T21:34:17.723733
578,4 days,0.25,Bank Offer,In Stock,2025-07-27T21:34:17.723874
579,1 day,1.0,Discount,Out of Stock,2025-07-27T21:34:17.724029
580,2 days,0.5,Bank Offer,Limited Stock,2025-07-27T21:34:17.724176
581,4 days,0.25,Discount,Out of Stock,2025-07-27T21:34:17.724320
582,3 days,0.3333333333333333,Bank Offer,Out of Stock,2025-07-27T21:34:17.724455
583,5 days,0.2,Exchange Offer,Out of Stock,2025-07-27T21:34:17.724604
584,7 days,0.14285714285714285,Exchange Offer,Limited Stock,2025-07-27T21:34:17.725054
585,1 day,1.0,,Limited Stock,2025-07-27T21:34:17.725233
586,6 days,0.16666666666666666,,Out of Stock,2025-07-27T21:34:17.725554
587,5 days,0.2,Discount,Limited Stock,2025-07-27T21:34:17.725747
588,4 days,0.25,Bank Offer,Out of Stock,2025-07-27T21:34:17.725891
589,4 days,0.25,Cashback,Out of Stock,2025-07-27T21:34:17.726023
590,7 days,0.14285714285714285,Cashback,In Stock,2025-07-27T21:34:17.726151
591,7 days,0.14285714285714285,Bank Offer,Out of Stock,2025-07-27T21:34:17.726375
592,3 days,0.3333333333333333,No Cost EMI,Limited Stock,2025-07-27T21:34:17.726501
593,7 days,0.14285714285714285,Exchange Offer,Out of Stock,2025-07-27T21:34:17.726622
594,6 days,0.16666666666666666,Bank Offer,Limited Stock,2025-07-27T21:34:17.726744
595,1 day,1.0,Cashback,Limited Stock,2025-07-27T21:34:17.726863
596,6 days,0.16666666666666666,Cashback,Out of Stock,2025-07-27T21:34:17.726987
597,4 days,0.25,Bank Offer,Limited Stock,2025-07-27T21:34:17.727111
598,1 day,1.0,Discount,In Stock,2025-07-27T21:34:17.727232
599,2 days,0.5,Discount,Limited Stock,2025-07-27T21:34:17.727350
600,5 days,0.2,No Cost EMI,Limited Stock,2025-07-27T21:34:17.727491
601,5 days,0.2,,Out of Stock,2025-07-27T21:34:17.727679
602,1 day,1.0,Exchange Offer,Limited Stock,2025-07-27T21:34:17.727803
603,2 days,0.5,Bank Offer,Limited Stock,2025-07-27T21:34:17.728009
604,6 days,0.16666666666666666,Cashback,Limited Stock,2025-07-27T21:34:17.728830
605,1 day,1.0,Exchange Offer,In Stock,2025-07-27T21:34:17.728990
606,6 days,0.16666666666666666,Discount,Limited Stock,2025-07-27T21:34:17.729197
607,4 days,0.25,Discount,Limited Stock,2025-07-27T21:34:17.729524
608,7 days,0.14285714285714285,Bank Offer,In Stock,2025-07-27T21:34:17.729694
609,4 days,0.25,Exchange Offer,Limited Stock,2025-07-27T21:34:17.729826
610,7 days,0.14285714285714285,Bank Offer,In Stock,2025-07-27T21:34:17.729989
611,4 days,0.25,,In Stock,2025-07-27T21:34:17.730232
612,3 days,0.3333333333333333,Bank Offer,Out of Stock,2025-07-27T21:34:17.730377
613,1 day,1.0,No Cost EMI,In Stock,2025-07-27T21:34:17.730501
614,5 days,0.2,Cashback,Out of Stock,2025-07-27T21:34:17.730619
615,2 days,0.5,,Limited Stock,2025-07-27T21:34:17.730732
616,4 days,0.25,Bank Offer,In Stock,2025-07-27T21:34:17.730848
617,4 days,0.25,Discount,Limited Stock,2025-07-27T21:34:17.730974
618,1 day,1.0,Discount,Out of Stock,2025-07-27T21:34:17.731096
619,7 days,0.14285714285714285,Bank Offer,In Stock,2025-07-27T21:34:17.731319
620,4 days,0.25,,In Stock,2025-07-27T21:34:17.731790
621,1 day,1.0,,In Stock,2025-07-27T21:34:17.731931
622,6 days,0.16666666666666666,,Out of Stock,2025-07-27T21:34:17.732047
623,7 days,0.14285714285714285,Discount,Out of Stock,2025-07-27T21:34:17.732275
624,7 days,0.14285714285714285,Cashback,In Stock,2025-07-27T21:34:17.732411
625,7 days,0.14285714285714285,Cashback,Out of Stock,2025-07-27T21:34:17.732638
626,6 days,0.16666666666666666,Discount,In Stock,2025-07-27T21:34:17.732777
627,6 days,0.16666666666666666,Discount,Limited Stock,2025-07-27T21:34:17.732932
628,5 days,0.2,,In Stock,2025-07-27T21:34:17.733065
629,4 days,0.25,Cashback,Limited Stock,2025-07-27T21:34:17.733192
630,1 day,1.0,Exchange Offer,Out of Stock,2025-07-27T21:34:17.733313
631,7 days,0.14285714285714285,,In Stock,2025-07-27T21:34:17.733430
632,3 days,0.3333333333333333,Cashback,Limited Stock,2025-07-27T21:34:17.733545
633,5 days,0.2,,Limited Stock,2025-07-27T21:34:17.733658
634,4 days,0.25,Cashback,In Stock,2025-07-27T21:34:17.733767
635,1 day,1.0,Bank Offer,Out of Stock,2025-07-27T21:34:17.733875
636,7 days,0.14285714285714285,Discount,In Stock,2025-07-27T21:34:17.733984
637,6 days,0.16666666666666666,Bank Offer,Out of Stock,2025-07-27T21:34:17.734093
638,4 days,0.25,,Out of Stock,2025-07-27T21:34:17.734201
639,2 days,0.5,Bank Offer,Out of Stock,2025-07-27T21:34:17.734313
640,2 days,0.5,Exchange Offer,In Stock,2025-07-27T21:34:17.734427
641,3 days,0.3333333333333333,,Limited Stock,2025-07-27T21:34:17.734854
642,1 day,1.0,Cashback,Limited Stock,2025-07-27T21:34:17.735084
643,4 days,0.25,Bank Offer,Out of Stock,2025-07-27T21:34:17.735221
644,3 days,0.3333333333333333,Exchange Offer,Limited Stock,2025-07-27T21:34:17.735344
645,4 days,0.25,Exchange Offer,Out of Stock,2025-07-27T21:34:17.735553
646,6 days,0.16666666666666666,Exchange Offer,Limited Stock,2025-07-27T21:34:17.735780
647,3 days,0.3333333333333333,Discount,In Stock,2025-07-27T21:34:17.736265
648,7 days,0.14285714285714285,Bank Offer,In Stock,2025-07-27T21:34:17.736450
649,5 days,0.2,Exchange Offer,In Stock,2025-07-27T21:34:17.736600
650,2 days,0.5,Exchange Offer,Limited Stock,2025-07-27T21:34:17.736751
651,3 days,0.3333333333333333,,Out of Stock,2025-07-27T21:34:17.736881
652,3 days,0.3333333333333333,,In Stock,2025-07-27T21:34:17.737006
653,5 days,0.2,,Out of Stock,2025-07-27T21:34:17.737260
654,4 days,0.25,,Out of Stock,2025-07-27T21:34:17.737450
655,6 days,0.16666666666666666,Exchange Offer,In Stock,2025-07-27T21:34:17.737685
656,6 days,0.16666666666666666,,In Stock,2025-07-27T21:34:17.737833
657,2 days,0.5,Discount,Out of Stock,2025-07-27T21:34:17.737961
658,7 days,0.14285714285714285,Cashback,Out of Stock,2025-07-27T21:34:17.738103
659,6 days,0.16666666666666666,Bank Offer,In Stock,2025-07-27T21:34:17.738237
660,7 days,0.14285714285714285,Bank Offer,Limited Stock,2025-07-27T21:34:17.738366
661,3 days,0.3333333333333333,Bank Offer,Limited Stock,2025-07-27T21:34:17.738493
662,1 day,1.0,Exchange Offer,Out of Stock,2025-07-27T21:34:17.738636
663,6 days,0.16666666666666666,Discount,Limited Stock,2025-07-27T21:34:17.738763
664,7 days,0.14285714285714285,Discount,Out of Stock,2025-07-27T21:34:17.738887
665,4 days,0.25,Discount,In Stock,2025-07-27T21:34:17.739024
666,3 days,0.3333333333333333,,In Stock,2025-07-27T21:34:17.739203
667,5 days,0.2,Discount,Out of Stock,2025-07-27T21:34:17.739348
668,5 days,0.2,Exchange Offer,Out of Stock,2025-07-27T21:34:17.739474
669,7 days,0.14285714285714285,Cashback,Limited Stock,2025-07-27T21:34:17.739622
670,2 days,0.5,Discount,Out of Stock,2025-07-27T21:34:17.739753
671,2 days,0.5,Cashback,Out of Stock,2025-07-27T21:34:17.739892
672,1 day,1.0,,In Stock,2025-07-27T21:34:17.740021
673,3 days,0.3333333333333333,Bank Offer,Out of Stock,2025-07-27T21:34:17.740193
674,2 days,0.5,Bank Offer,In Stock,2025-07-27T21:34:17.740334
675,3 days,0.3333333333333333,Discount,Limited Stock,2025-07-27T21:34:17.740464
676,7 days,0.14285714285714285,No Cost EMI,Limited Stock,2025-07-27T21:34:17.740581
677,2 days,0.5,Exchange Offer,Out of Stock,2025-07-27T21:34:17.740687
678,4 days,0.25,Discount,Limited Stock,2025-07-27T21:34:17.740793
679,1 day,1.0,,Limited Stock,2025-07-27T21:34:17.740906
680,2 days,0.5,,In Stock,2025-07-27T21:34:17.741033
681,3 days,0.3333333333333333,,In Stock,2025-07-27T21:34:17.741349
682,4 days,0.25,,In Stock,2025-07-27T21:34:17.741527
683,3 days,0.3333333333333333,Discount,In Stock,2025-07-27T21:34:17.741690
684,3 days,0.3333333333333333,Discount,Limited Stock,2025-07-27T21:34:17.741828
685,7 days,0.14285714285714285,,Limited Stock,2025-07-27T21:34:17.742003
686,7 days,0.14285714285714285,No Cost EMI,In Stock,2025-07-27T21:34:17.742146
687,4 days,0.25,Discount,Limited Stock,2025-07-27T21:34:17.742278
688,2 days,0.5,Bank Offer,Out of Stock,2025-07-27T21:34:17.742406
689,7 days,0.14285714285714285,,In Stock,2025-07-27T21:34:17.742531
690,6 days,0.16666666666666666,,In Stock,2025-07-27T21:34:17.742658
691,2 days,0.5,,Limited Stock,2025-07-27T21:34:17.742784
692,4 days,0.25,Bank Offer,In Stock,2025-07-27T21:34:17.742913
693,5 days,0.2,Exchange Offer,Limited Stock,2025-07-27T21:34:17.743077
694,3 days,0.3333333333333333,No Cost EMI,Limited Stock,2025-07-27T21:34:17.743207
695,2 days,0.5,,In Stock,2025-07-27T21:34:17.743609
696,2 days,0.5,Discount,Out of Stock,2025-07-27T21:34:17.743794
697,1 day,1.0,Bank Offer,In Stock,2025-07-27T21:34:17.743945
698,2 days,0.5,Discount,Limited Stock,2025-07-27T21:34:17.744074
699,4 days,0.25,Cashback,In Stock,2025-07-27T21:34:17.744342
700,5 days,0.2,No Cost EMI,Out of Stock,2025-07-27T21:34:17.744476
701,7 days,0.14285714285714285,,In Stock,2025-07-27T21:34:17.744596
702,2 days,0.5,Cashback,In Stock,2025-07-27T21:34:17.744730
703,4 days,0.25,No Cost EMI,Out of Stock,2025-07-27T21:34:17.744849
704,2 days,0.5,No Cost EMI,Limited Stock,2025-07-27T21:34:17.744980
705,5 days,0.2,Bank Offer,Limited Stock,2025-07-27T21:34:17.745095
706,4 days,0.25,Exchange Offer,Limited Stock,2025-07-27T21:34:17.745300
707,1 day,1.0,Discount,Out of Stock,2025-07-27T21:34:17.745443
708,7 days,0.14285714285714285,No Cost EMI,Limited Stock,2025-07-27T21:34:17.745572
709,4 days,0.25,,In Stock,2025-07-27T21:34:17.745699
710,5 days,0.2,,Limited Stock,2025-07-27T21:34:17.745825
711,7 days,0.14285714285714285,Cashback,In Stock,2025-07-27T21:34:17.745967
712,3 days,0.3333333333333333,Cashback,Limited Stock,2025-07-27T21:34:17.746102
713,3 days,0.3333333333333333,Cashback,Limited Stock,2025-07-27T21:34:17.746259
714,2 days,0.5,Exchange Offer,Limited Stock,2025-07-27T21:34:17.746389
715,4 days,0.25,Discount,Out of Stock,2025-07-27T21:34:17.746511
716,6 days,0.16666666666666666,Exchange Offer,Out of Stock,2025-07-27T21:34:17.746654
717,7 days,0.14285714285714285,Discount,In Stock,2025-07-27T21:34:17.747432
718,3 days,0.3333333333333333,Exchange Offer,Limited Stock,2025-07-27T21:34:17.747602
719,5 days,0.2,Discount,Out of Stock,2025-07-27T21:34:17.747732
720,6 days,0.16666666666666666,Cashback,In Stock,2025-07-27T21:34:17.747858
721,7 days,0.14285714285714285,Bank Offer,Out of Stock,2025-07-27T21:34:17.747979
722,1 day,1.0,Exchange Offer,Limited Stock,2025-07-27T21:34:17.748099
723,4 days,0.25,Cashback,In Stock,2025-07-27T21:34:17.748308
724,2 days,0.5,No Cost EMI,Out of Stock,2025-07-27T21:34:17.748544
725,6 days,0.16666666666666666,Exchange Offer,In Stock,2025-07-27T21:34:17.748752
726,7 days,0.14285714285714285,Cashback,Out of Stock,2025-07-27T21:34:17.749504
727,6 days,0.16666666666666666,,Limited Stock,2025-07-27T21:34:17.749700
728,7 days,0.14285714285714285,Bank Offer,In Stock,2025-07-27T21:34:17.749839
729,7 days,0.14285714285714285,No Cost EMI,In Stock,2025-07-27T21:34:17.749966
730,2 days,0.5,Exchange Offer,Limited Stock,2025-07-27T21:34:17.750097
731,3 days,0.3333333333333333,Exchange Offer,Limited Stock,2025-07-27T21:34:17.750264
732,4 days,0.25,No Cost EMI,Limited Stock,2025-07-27T21:34:17.750410
733,3 days,0.3333333333333333,Discount,In Stock,2025-07-27T21:34:17.750537
734,5 days,0.2,,In Stock,2025-07-27T21:34:17.750660
735,3 days,0.3333333333333333,Bank Offer,In Stock,2025-07-27T21:34:17.750780
736,7 days,0.14285714285714285,Cashback,In Stock,2025-07-27T21:34:17.750898
737,7 days,0.14285714285714285,Bank Offer,Limited Stock,2025-07-27T21:34:17.751017
738,6 days,0.16666666666666666,Bank Offer,Out of Stock,2025-07-27T21:34:17.751134
739,5 days,0.2,Cashback,Limited Stock,2025-07-27T21:34:17.751412
740,5 days,0.2,Cashback,Limited Stock,2025-07-27T21:34:17.751680
741,3 days,0.3333333333333333,Bank Offer,Out of Stock,2025-07-27T21:34:17.751834
742,4 days,0.25,Exchange Offer,Out of Stock,2025-07-27T21:34:17.751983
743,2 days,0.5,Exchange Offer,Out of Stock,2025-07-27T21:34:17.752457
744,6 days,0.16666666666666666,Exchange Offer,Limited Stock,2025-07-27T21:34:17.752614
745,3 days,0.3333333333333333,Cashback,Out of Stock,2025-07-27T21:34:17.752749
746,4 days,0.25,Discount,Out of Stock,2025-07-27T21:34:17.752889
747,7 days,0.14285714285714285,Cashback,In Stock,2025-07-27T21:34:17.753029
748,7 days,0.14285714285714285,Cashback,In Stock,2025-07-27T21:34:17.753174
749,4 days,0.25,Exchange Offer,Limited Stock,2025-07-27T21:34:17.753301
750,7 days,0.14285714285714285,Bank Offer,Out of Stock,2025-07-27T21:34:17.753421
751,7 days,0.14285714285714285,Exchange Offer,In Stock,2025-07-27T21:34:17.753550
752,7 days,0.14285714285714285,,In Stock,2025-07-27T21:34:17.753654
753,2 days,0.5,,Limited Stock,2025-07-27T21:34:17.753760
754,3 days,0.3333333333333333,Exchange Offer,Out of Stock,2025-07-27T21:34:17.753886
755,1 day,1.0,Exchange Offer,Out of Stock,2025-07-27T21:34:17.754029
756,7 days,0.14285714285714285,Cashback,Out of Stock,2025-07-27T21:34:17.754163
757,5 days,0.2,Discount,Limited Stock,2025-07-27T21:34:17.754282
758,2 days,0.5,Bank Offer,Limited Stock,2025-07-27T21:34:17.754392
759,5 days,0.2,Cashback,Out of Stock,2025-07-27T21:34:17.754521
760,1 day,1.0,No Cost EMI,In Stock,2025-07-27T21:34:17.754656
761,2 days,0.5,Exchange Offer,Limited Stock,2025-07-27T21:34:17.754774
762,4 days,0.25,,Limited Stock,2025-07-27T21:34:17.754892
763,4 days,0.25,No Cost EMI,Limited Stock,2025-07-27T21:34:17.755017
764,4 days,0.25,,Limited Stock,2025-07-27T21:34:17.755124
765,4 days,0.25,Bank Offer,Out of Stock,2025-07-27T21:34:17.755568
766,5 days,0.2,Discount,Out of Stock,2025-07-27T21:34:17.755778
767,1 day,1.0,No Cost EMI,In Stock,2025-07-27T21:34:17.755919
768,6 days,0.16666666666666666,Exchange Offer,Out of Stock,2025-07-27T21:34:17.756047
769,5 days,0.2,Exchange Offer,Out of Stock,2025-07-27T21:34:17.756180
770,3 days,0.3333333333333333,No Cost EMI,Out of Stock,2025-07-27T21:34:17.756325
771,2 days,0.5,,In Stock,2025-07-27T21:34:17.756450
772,3 days,0.3333333333333333,,Out of Stock,2025-07-27T21:34:17.756597
773,7 days,0.14285714285714285,Bank Offer,In Stock,2025-07-27T21:34:17.756736
774,5 days,0.2,Exchange Offer,Limited Stock,2025-07-27T21:34:17.756881
775,2 days,0.5,Discount,In Stock,2025-07-27T21:34:17.757048
776,4 days,0.25,Bank Offer,Out of Stock,2025-07-27T21:34:17.757207
777,5 days,0.2,Discount,Limited Stock,2025-07-27T21:34:17.757365
778,3 days,0.3333333333333333,Discount,Limited Stock,2025-07-27T21:34:17.757512
779,7 days,0.14285714285714285,Exchange Offer,Limited Stock,2025-07-27T21:34:17.757655
780,1 day,1.0,Bank Offer,In Stock,2025-07-27T21:34:17.757788
781,7 days,0.14285714285714285,,Limited Stock,2025-07-27T21:34:17.757917
782,6 days,0.16666666666666666,Exchange Offer,Out of Stock,2025-07-27T21:34:17.758042
783,7 days,0.14285714285714285,Cashback,Limited Stock,2025-07-27T21:34:17.758163
784,2 days,0.5,Bank Offer,Out of Stock,2025-07-27T21:34:17.758771
785,4 days,0.25,Bank Offer,Out of Stock,2025-07-27T21:34:17.758953
786,3 days,0.3333333333333333,Exchange Offer,In Stock,2025-07-27T21:34:17.759082
787,6 days,0.16666666666666666,,Out of Stock,2025-07-27T21:34:17.759198
788,3 days,0.3333333333333333,Discount,Limited Stock,2025-07-27T21:34:17.759321
789,1 day,1.0,Bank Offer,In Stock,2025-07-27T21:34:17.759434
790,6 days,0.16666666666666666,Cashback,Out of Stock,2025-07-27T21:34:17.759542
791,4 days,0.25,Cashback,In Stock,2025-07-27T21:34:17.759649
792,7 days,0.14285714285714285,Discount,In Stock,2025-07-27T21:34:17.759756
793,5 days,0.2,Exchange Offer,In Stock,2025-07-27T21:34:17.759863
794,5 days,0.2,Cashback,In Stock,2025-07-27T21:34:17.759970
795,5 days,0.2,Exchange Offer,Limited Stock,2025-07-27T21:34:17.760077
796,4 days,0.25,Exchange Offer,Limited Stock,2025-07-27T21:34:17.760386
797,3 days,0.3333333333333333,,In Stock,2025-07-27T21:34:17.760548
798,6 days,0.16666666666666666,No Cost EMI,Limited Stock,2025-07-27T21:34:17.760677
799,1 day,1.0,Discount,In Stock,2025-07-27T21:34:17.760801
800,5 days,0.2,Bank Offer,Limited Stock,2025-07-27T21:34:17.760917
801,7 days,0.14285714285714285,No Cost EMI,Limited Stock,2025-07-27T21:34:17.761030
802,4 days,0.25,Discount,Limited Stock,2025-07-27T21:34:17.762150
803,2 days,0.5,No Cost EMI,Limited Stock,2025-07-27T21:34:17.762637
804,4 days,0.25,Exchange Offer,Out of Stock,2025-07-27T21:34:17.762844
805,4 days,0.25,,In Stock,2025-07-27T21:34:17.762995
806,6 days,0.16666666666666666,Exchange Offer,In Stock,2025-07-27T21:34:17.763133
807,2 days,0.5,,Limited Stock,2025-07-27T21:34:17.763263
808,3 days,0.3333333333333333,Cashback,Limited Stock,2025-07-27T21:34:17.763390
809,7 days,0.14285714285714285,,Limited Stock,2025-07-27T21:34:17.763517
810,7 days,0.14285714285714285,Cashback,In Stock,2025-07-27T21:34:17.763645
811,4 days,0.25,Discount,Out of Stock,2025-07-27T21:34:17.763769
812,1 day,1.0,Discount,Out of Stock,2025-07-27T21:34:17.763891
813,1 day,1.0,No Cost EMI,In Stock,2025-07-27T21:34:17.764029
814,3 days,0.3333333333333333,Cashback,In Stock,2025-07-27T21:34:17.764156
815,3 days,0.3333333333333333,Bank Offer,Limited Stock,2025-07-27T21:34:17.764277
816,6 days,0.16666666666666666,Exchange Offer,Limited Stock,2025-07-27T21:34:17.764389
817,4 days,0.25,,Limited Stock,2025-07-27T21:34:17.764515
818,2 days,0.5,Discount,Out of Stock,2025-07-27T21:34:17.764639
819,6 days,0.16666666666666666,Discount,In Stock,2025-07-27T21:34:17.764759
820,2 days,0.5,Bank Offer,In Stock,2025-07-27T21:34:17.764878
821,3 days,0.3333333333333333,Bank Offer,In Stock,2025-07-27T21:34:17.764999
822,1 day,1.0,Discount,Limited Stock,2025-07-27T21:34:17.765129
823,7 days,0.14285714285714285,No Cost EMI,In Stock,2025-07-27T21:34:17.765260
824,5 days,0.2,Exchange Offer,In Stock,2025-07-27T21:34:17.765382
825,3 days,0.3333333333333333,Exchange Offer,In Stock,2025-07-27T21:34:17.765501
826,6 days,0.16666666666666666,Bank Offer,In Stock,2025-07-27T21:34:17.765618
827,3 days,0.3333333333333333,Bank Offer,Out of Stock,2025-07-27T21:34:17.766901
828,3 days,0.3333333333333333,Bank Offer,In Stock,2025-07-27T21:34:17.767118
829,7 days,0.14285714285714285,Exchange Offer,In Stock,2025-07-27T21:34:17.767264
830,2 days,0.5,Cashback,In Stock,2025-07-27T21:34:17.767395
831,7 days,0.14285714285714285,Cashback,In Stock,2025-07-27T21:34:17.767540
832,4 days,0.25,,Limited Stock,2025-07-27T21:34:17.767668
833,2 days,0.5,Cashback,In Stock,2025-07-27T21:34:17.767792
834,4 days,0.25,Cashback,Out of Stock,2025-07-27T21:34:17.767915
835,2 days,0.5,Bank Offer,Out of Stock,2025-07-27T21:34:17.768035
836,5 days,0.2,No Cost EMI,In Stock,2025-07-27T21:34:17.768157
837,2 days,0.5,Discount,Limited Stock,2025-07-27T21:34:17.768278
838,6 days,0.16666666666666666,Discount,In Stock,2025-07-27T21:34:17.768416
839,2 days,0.5,Bank Offer,In Stock,2025-07-27T21:34:17.768537
840,4 days,0.25,,Limited Stock,2025-07-27T21:34:17.768653
841,3 days,0.3333333333333333,,Out of Stock,2025-07-27T21:34:17.768773
842,4 days,0.25,Bank Offer,In Stock,2025-07-27T21:34:17.768891
843,1 day,1.0,Discount,Out of Stock,2025-07-27T21:34:17.769011
844,4 days,0.25,Exchange Offer,Limited Stock,2025-07-27T21:34:17.769135
845,1 day,1.0,Cashback,In Stock,2025-07-27T21:34:17.770313
846,1 day,1.0,Cashback,Out of Stock,2025-07-27T21:34:17.770602
847,4 days,0.25,No Cost EMI,Out of Stock,2025-07-27T21:34:17.770894
848,3 days,0.3333333333333333,Exchange Offer,In Stock,2025-07-27T21:34:17.771042
849,4 days,0.25,,Out of Stock,2025-07-27T21:34:17.771364
850,2 days,0.5,,In Stock,2025-07-27T21:34:17.771510
851,6 days,0.16666666666666666,,Out of Stock,2025-07-27T21:34:17.771643
852,4 days,0.25,No Cost EMI,Out of Stock,2025-07-27T21:34:17.771772
853,6 days,0.16666666666666666,,Out of Stock,2025-07-27T21:34:17.771900
854,1 day,1.0,Bank Offer,In Stock,2025-07-27T21:34:17.772024
855,2 days,0.5,Discount,In Stock,2025-07-27T21:34:17.772155
856,2 days,0.5,Discount,In Stock,2025-07-27T21:34:17.772296
857,2 days,0.5,,Out of Stock,2025-07-27T21:34:17.772453
858,7 days,0.14285714285714285,No Cost EMI,In Stock,2025-07-27T21:34:17.774554
859,5 days,0.2,Bank Offer,Limited Stock,2025-07-27T21:34:17.774799
860,6 days,0.16666666666666666,Exchange Offer,Out of Stock,2025-07-27T21:34:17.774957
861,5 days,0.2,Cashback,In Stock,2025-07-27T21:34:17.775097
862,4 days,0.25,Bank Offer,In Stock,2025-07-27T21:34:17.775239
863,5 days,0.2,Bank Offer,Limited Stock,2025-07-27T21:34:17.775375
864,7 days,0.14285714285714285,,In Stock,2025-07-27T21:34:17.775507
865,3 days,0.3333333333333333,No Cost EMI,In Stock,2025-07-27T21:34:17.775638
866,1 day,1.0,Cashback,In Stock,2025-07-27T21:34:17.775782
867,3 days,0.3333333333333333,Cashback,Limited Stock,2025-07-27T21:34:17.775906
868,3 days,0.3333333333333333,Exchange Offer,Limited Stock,2025-07-27T21:34:17.776027
869,3 days,0.3333333333333333,No Cost EMI,In Stock,2025-07-27T21:34:17.776165
870,3 days,0.3333333333333333,No Cost EMI,Out of Stock,2025-07-27T21:34:17.779027
871,1 day,1.0,,In Stock,2025-07-27T21:34:17.779305
872,4 days,0.25,No Cost EMI,Limited Stock,2025-07-27T21:34:17.779476
873,4 days,0.25,Discount,Limited Stock,2025-07-27T21:34:17.779658
874,5 days,0.2,Bank Offer,In Stock,2025-07-27T21:34:17.779804
875,1 day,1.0,No Cost EMI,Out of Stock,2025-07-27T21:34:17.779938
876,2 days,0.5,No Cost EMI,Out of Stock,2025-07-27T21:34:17.780084
877,1 day,1.0,No Cost EMI,Out of Stock,2025-07-27T21:34:17.780371
878,4 days,0.25,Cashback,Limited Stock,2025-07-27T21:34:17.780515
879,4 days,0.25,Bank Offer,Limited Stock,2025-07-27T21:34:17.780649
880,7 days,0.14285714285714285,,In Stock,2025-07-27T21:34:17.780776
881,3 days,0.3333333333333333,Cashback,Out of Stock,2025-07-27T21:34:17.780896
882,3 days,0.3333333333333333,Bank Offer,Out of Stock,2025-07-27T21:34:17.781339
883,6 days,0.16666666666666666,Discount,Out of Stock,2025-07-27T21:34:17.781592
884,5 days,0.2,,Limited Stock,2025-07-27T21:34:17.781742
885,1 day,1.0,Cashback,Out of Stock,2025-07-27T21:34:17.781878
886,6 days,0.16666666666666666,Discount,In Stock,2025-07-27T21:34:17.782013
887,2 days,0.5,Bank Offer,Limited Stock,2025-07-27T21:34:17.782145
888,2 days,0.5,Bank Offer,In Stock,2025-07-27T21:34:17.782275
889,6 days,0.16666666666666666,No Cost EMI,Limited Stock,2025-07-27T21:34:17.782405
890,1 day,1.0,,Out of Stock,2025-07-27T21:34:17.782533
891,3 days,0.3333333333333333,Discount,In Stock,2025-07-27T21:34:17.782666
892,2 days,0.5,Bank Offer,Out of Stock,2025-07-27T21:34:17.782797
893,2 days,0.5,,Limited Stock,2025-07-27T21:34:17.782926
894,3 days,0.3333333333333333,Exchange Offer,Limited Stock,2025-07-27T21:34:17.786312
895,4 days,0.25,,Limited Stock,2025-07-27T21:34:17.786570
896,5 days,0.2,Discount,Limited Stock,2025-07-27T21:34:17.786738
897,3 days,0.3333333333333333,Bank Offer,Out of Stock,2025-07-27T21:34:17.786882
898,4 days,0.25,Exchange Offer,Limited Stock,2025-07-27T21:34:17.787018
899,2 days,0.5,Discount,Limited Stock,2025-07-27T21:34:17.787273
900,7 days,0.14285714285714285,No Cost EMI,Limited Stock,2025-07-27T21:34:17.787427
901,7 days,0.14285714285714285,Cashback,Limited Stock,2025-07-27T21:34:17.787577
902,1 day,1.0,Bank Offer,In Stock,2025-07-27T21:34:17.787716
903,1 day,1.0,Bank Offer,Limited Stock,2025-07-27T21:34:17.787842
904,1 day,1.0,Bank Offer,In Stock,2025-07-27T21:34:17.787967
905,4 days,0.25,Exchange Offer,In Stock,2025-07-27T21:34:17.788089
906,5 days,0.2,Cashback,Out of Stock,2025-07-27T21:34:17.788479
907,7 days,0.14285714285714285,Exchange Offer,In Stock,2025-07-27T21:34:17.788614
908,6 days,0.16666666666666666,Discount,Out of Stock,2025-07-27T21:34:17.788743
909,4 days,0.25,Bank Offer,Out of Stock,2025-07-27T21:34:17.788875
910,5 days,0.2,Exchange Offer,Limited Stock,2025-07-27T21:34:17.789055
911,4 days,0.25,No Cost EMI,Limited Stock,2025-07-27T21:34:17.789194
912,3 days,0.3333333333333333,,Limited Stock,2025-07-27T21:34:17.789321
913,3 days,0.3333333333333333,Exchange Offer,In Stock,2025-07-27T21:34:17.789521
914,3 days,0.3333333333333333,Exchange Offer,Out of Stock,2025-07-27T21:34:17.789650
915,7 days,0.14285714285714285,Discount,Out of Stock,2025-07-27T21:34:17.789776
916,6 days,0.16666666666666666,No Cost EMI,Limited Stock,2025-07-27T21:34:17.789970
917,7 days,0.14285714285714285,Exchange Offer,Limited Stock,2025-07-27T21:34:17.792038
918,3 days,0.3333333333333333,No Cost EMI,Out of Stock,2025-07-27T21:34:17.792355
919,4 days,0.25,,In Stock,2025-07-27T21:34:17.792532
920,5 days,0.2,Bank Offer,In Stock,2025-07-27T21:34:17.792672
921,2 days,0.5,Cashback,In Stock,2025-07-27T21:34:17.792806
922,1 day,1.0,Discount,Limited Stock,2025-07-27T21:34:17.792936
923,3 days,0.3333333333333333,Bank Offer,Out of Stock,2025-07-27T21:34:17.793079
924,3 days,0.3333333333333333,Cashback,Out of Stock,2025-07-27T21:34:17.793205
925,5 days,0.2,No Cost EMI,Limited Stock,2025-07-27T21:34:17.793334
926,2 days,0.5,Cashback,Limited Stock,2025-07-27T21:34:17.793478
927,2 days,0.5,Bank Offer,Limited Stock,2025-07-27T21:34:17.793615
928,2 days,0.5,No Cost EMI,In Stock,2025-07-27T21:34:17.793739
929,6 days,0.16666666666666666,,Out of Stock,2025-07-27T21:34:17.793863
930,5 days,0.2,Discount,In Stock,2025-07-27T21:34:17.793984
931,5 days,0.2,Discount,Limited Stock,2025-07-27T21:34:17.794114
932,1 day,1.0,Discount,Out of Stock,2025-07-27T21:34:17.794241
933,5 days,0.2,Bank Offer,Limited Stock,2025-07-27T21:34:17.794369
934,5 days,0.2,Bank Offer,Out of Stock,2025-07-27T21:34:17.794496
935,2 days,0.5,No Cost EMI,Limited Stock,2025-07-27T21:34:17.794625
936,2 days,0.5,,Limited Stock,2025-07-27T21:34:17.794751
937,7 days,0.14285714285714285,Discount,In Stock,2025-07-27T21:34:17.794877
938,7 days,0.14285714285714285,,In Stock,2025-07-27T21:34:17.795017
939,5 days,0.2,Discount,Out of Stock,2025-07-27T21:34:17.795262
940,7 days,0.14285714285714285,Bank Offer,Out of Stock,2025-07-27T21:34:17.795424
941,1 day,1.0,Cashback,Out of Stock,2025-07-27T21:34:17.795566
942,4 days,0.25,Discount,Out of Stock,2025-07-27T21:34:17.795693
943,4 days,0.25,Cashback,Out of Stock,2025-07-27T21:34:17.795817
944,2 days,0.5,,Out of Stock,2025-07-27T21:34:17.795935
945,1 day,1.0,No Cost EMI,Out of Stock,2025-07-27T21:34:17.796047
946,6 days,0.16666666666666666,Discount,Limited Stock,2025-07-27T21:34:17.796305
947,3 days,0.3333333333333333,Bank Offer,Limited Stock,2025-07-27T21:34:17.796446
948,5 days,0.2,Discount,In Stock,2025-07-27T21:34:17.796579
949,1 day,1.0,Cashback,In Stock,2025-07-27T21:34:17.796709
950,2 days,0.5,Cashback,In Stock,2025-07-27T21:34:17.796832
951,7 days,0.14285714285714285,Bank Offer,Out of Stock,2025-07-27T21:34:17.797458
952,7 days,0.14285714285714285,Bank Offer,Limited Stock,2025-07-27T21:34:17.797619
953,4 days,0.25,Cashback,Limited Stock,2025-07-27T21:34:17.797767
954,2 days,0.5,Bank Offer,Out of Stock,2025-07-27T21:34:17.797908
955,1 day,1.0,Bank Offer,Out of Stock,2025-07-27T21:34:17.798050
956,2 days,0.5,Cashback,In Stock,2025-07-27T21:34:17.798190
957,6 days,0.16666666666666666,,Limited Stock,2025-07-27T21:34:17.798332
958,6 days,0.16666666666666666,Bank Offer,In Stock,2025-07-27T21:34:17.798488
959,4 days,0.25,Bank Offer,Limited Stock,2025-07-27T21:34:17.798624
960,3 days,0.3333333333333333,Exchange Offer,In Stock,2025-07-27T21:34:17.798768
961,6 days,0.16666666666666666,No Cost EMI,Limited Stock,2025-07-27T21:34:17.798904
962,3 days,0.3333333333333333,Discount,In Stock,2025-07-27T21:34:17.799272
963,7 days,0.14285714285714285,,Limited Stock,2025-07-27T21:34:17.799418
964,4 days,0.25,Bank Offer,Limited Stock,2025-07-27T21:34:17.799558
965,4 days,0.25,Exchange Offer,In Stock,2025-07-27T21:34:17.799693
966,5 days,0.2,,Limited Stock,2025-07-27T21:34:17.799837
967,4 days,0.25,Bank Offer,In Stock,2025-07-27T21:34:17.799971
968,7 days,0.14285714285714285,,Out of Stock,2025-07-27T21:34:17.800096
969,3 days,0.3333333333333333,No Cost EMI,Out of Stock,2025-07-27T21:34:17.800396
970,7 days,0.14285714285714285,Exchange Offer,In Stock,2025-07-27T21:34:17.800549
971,6 days,0.16666666666666666,Cashback,Out of Stock,2025-07-27T21:34:17.800686
972,5 days,0.2,Bank Offer,Limited Stock,2025-07-27T21:34:17.800819
973,6 days,0.16666666666666666,Cashback,Out of Stock,2025-07-27T21:34:17.800953
974,2 days,0.5,Discount,In Stock,2025-07-27T21:34:17.801088
975,1 day,1.0,,Limited Stock,2025-07-27T21:34:17.801413
976,5 days,0.2,Exchange Offer,In Stock,2025-07-27T21:34:17.801548
977,7 days,0.14285714285714285,,Out of Stock,2025-07-27T21:34:17.801676
978,7 days,0.14285714285714285,,Out of Stock,2025-07-27T21:34:17.801802
979,4 days,0.25,No Cost EMI,Limited Stock,2025-07-27T21:34:17.801928
980,1 day,1.0,Exchange Offer,Limited Stock,2025-07-27T21:34:17.802065
981,6 days,0.16666666666666666,Exchange Offer,Out of Stock,2025-07-27T21:34:17.802195
982,6 days,0.16666666666666666,Discount,Out of Stock,2025-07-27T21:34:17.802336
983,4 days,0.25,,Out of Stock,2025-07-27T21:34:17.802455
984,3 days,0.3333333333333333,No Cost EMI,In Stock,2025-07-27T21:34:17.802577
985,1 day,1.0,,Out of Stock,2025-07-27T21:34:17.802697
986,2 days,0.5,Discount,Out of Stock,2025-07-27T21:34:17.802816
987,2 days,0.5,Discount,Out of Stock,2025-07-27T21:34:17.802934
988,6 days,0.16666666666666666,Exchange Offer,In Stock,2025-07-27T21:34:17.803054
989,7 days,0.14285714285714285,,Out of Stock,2025-07-27T21:34:17.803993
990,5 days,0.2,Discount,Limited Stock,2025-07-27T21:34:17.804159
991,4 days,0.25,Discount,Limited Stock,2025-07-27T21:34:17.804299
992,7 days,0.14285714285714285,,Out of Stock,2025-07-27T21:34:17.804436
993,1 day,1.0,Discount,In Stock,2025-07-27T21:34:17.804564
994,5 days,0.2,,In Stock,2025-07-27T21:34:17.804698
995,5 days,0.2,No Cost EMI,In Stock,2025-07-27T21:34:17.804831
996,7 days,0.14285714285714285,Bank Offer,Out of Stock,2025-07-27T21:34:17.804966
997,5 days,0.2,,Limited Stock,2025-07-27T21:34:17.805095
998,5 days,0.2,Cashback,Out of Stock,2025-07-27T21:34:17.805416
999,6 days,0.16666666666666666,,In Stock,2025-07-27T21:34:17.805595
1000,3 days,0.3333333333333333,,Out of Stock,2025-07-27T21:34:17.805735
